Title,Episodes
One Piece,
Hell's Paradise,
"I Got a Cheat Skill in Another World and Became Unrivaled in The Real World, Too",
Mashle: Magic and Muscles,
My Star,
Loving Yamada at Lv999,
Attack on Titan: The Final Season Part 3,
Case Closed,
The Misfit of Demon King Academy II,
Heavenly Delusion,
Summoned to Another World for a Second Time,
The Dangers in My Heart,
Dead Mount Death Play,
KamiKatsu: Working for God in a Godless World,
Super Dragon Ball Heroes,
The Reason Why Raeliana Ended up at the Duke's Mansion,
Super Dragon Ball Heroes: Big Bang Mission!!!,
A Galaxy Next Door,
Edens Zero 2nd Season,
Insomniacs After School,
Pokémon Horizons: The Series,
NieR:Automata Ver1.1a,
Shin Chan,
Ayakashi Triangle,
Super Dragon Ball Heroes: Ultra God Mission,
My Clueless First Friend,
Sacrificial Princess and the King of Beasts,
Battle Through The Heavens 5th Season,
The Blue Orchestra,
Mobile Suit Gundam: The Witch from Mercury Season 2,
Doraemon (2005),
The Girl Downstairs,
A Will Eternal,
The Marginal Service,
Golden Kamuy Season 4,
One Piece - Wano Kuni SP,
Swallowed Star 2nd Season,
Monster But Wild,
Delicious Party♡Precure,
My Life as Inukai-san’s Dog. OVA,
